KS,Zulassungsbezirk,Benzin,Diesel,Gas,Hybrid,Elektro,Sonstige Kraftstoffart,Euro 1,Euro 2,Euro 3,Euro 4,Euro 5,Euro 6,Sonstige Emissionsgruppe
08111,"STUTTGART,STADT",196371,96958,1978,4817,1590,79,4101,19457,20005,66912,66242,117434,2258
08115,BOEBLINGEN,164557,82438,1448,3220,1253,84,2771,14149,16394,60043,62577,91827,1841
08116,ESSLINGEN,219852,104219,1937,2716,906,68,4531,21749,24592,86700,86686,97811,1907
08117,GOEPPINGEN,106944,54041,1264,1175,308,40,1942,10749,12643,44604,46338,44643,797
08118,LUDWIGSBURG,226185,97531,2206,2627,875,73,4193,23446,25664,89379,87307,93509,1446
08119,REMS-MURR-KREIS,178573,79105,1886,1811,622,46,3770,19997,21465,72659,66984,71814,1312
08121,"HEILBRONN,STADT",43752,21795,505,530,121,9,812,5020,5907,19341,16602,18105,226
08125,HEILBRONN,149133,87694,1623,2355,619,41,3211,17587,19490,64780,58944,72515,2167
08126,HOHENLOHEKREIS,44286,36450,643,418,188,9,1109,6316,7059,23154,20652,22333,497
08127,SCHWAEBISCH-HALL,75288,49421,1182,709,290,25,1755,10281,11599,37452,35177,28165,826
08128,MAIN-TAUBER-KREIS,53236,33210,748,836,115,17,1070,6883,7925,27180,24895,18874,429
08135,HEIDENHEIM,53229,28030,708,396,117,11,966,5588,6782,24584,23382,19983,330
08136,OSTALBKREIS,126574,72847,1336,1606,427,20,2262,12776,15286,56994,58328,53651,1108
08211,"BADEN-BADEN,STADT",21893,12004,157,323,92,5,559,2568,2971,8819,8595,10212,217
08212,"KARLSRUHE,STADT",90320,47528,1259,1228,342,35,2448,10940,11785,36806,35521,40378,763
08215,KARLSRUHE,184610,86928,2064,1844,561,52,4276,21597,24887,79404,75480,65599,1442
08216,RASTATT,99629,48135,971,914,245,25,2560,13064,13803,42677,37482,37768,801
08221,"HEIDELBERG,STADT",38871,20444,399,544,138,19,1224,4884,4928,15561,15147,17074,350
08222,"MANNHEIM,STADT",99394,48971,1020,1369,263,21,2672,12020,12746,39687,34276,45481,773
08225,NECKAR-ODENWALD-KREIS,58354,33130,665,528,109,17,1197,6772,7799,26956,26247,22569,404
08226,RHEIN-NECKAR-KREIS,230404,112205,2280,3344,714,71,5367,25759,28409,95703,90763,96825,1790
08231,"PFORZHEIM,STADT",40881,19378,430,440,140,9,789,4214,5291,17375,16128,16496,261
08235,CALW,64474,36942,850,501,263,22,1267,6670,8233,27947,28719,28322,534
08236,ENZKREIS,88358,40043,992,744,279,31,1870,9498,11244,36530,36028,32726,686
08237,FREUDENSTADT,45457,29163,476,482,140,12,799,4628,5709,21121,22159,20178,393
08311,FREIBURG I.BREISG.STADT,57133,33315,784,813,315,18,1868,8748,9276,25621,22617,22016,745
08315,BREISGAU-HOCHSCHWARZWALD,100672,53393,1001,1180,448,43,2855,13370,14944,46372,42834,32847,1207
08316,EMMENDINGEN,65971,32060,678,637,217,13,1759,9182,10034,30962,26328,19339,692
08317,ORTENAUKREIS,174202,90647,1508,1293,492,49,4628,23693,26590,80957,70399,57188,1575
08325,ROTTWEIL,57177,34074,546,484,129,19,1106,5547,6936,26140,27244,23869,505
08326,SCHWARZWALD-BAAR-KREIS,83664,44203,742,996,201,40,1502,7511,9594,35688,38450,34831,687
08327,TUTTLINGEN,53890,32090,472,542,155,17,968,4433,6133,22870,26135,25296,459
08335,KONSTANZ,109292,46040,1301,1375,359,34,2399,11620,13897,46464,42929,37760,1159
08336,LOERRACH,92538,40727,513,1265,363,36,2173,10074,12062,39324,37662,31408,789
08337,WALDSHUT,70591,33874,417,768,247,33,1368,6862,9111,30698,31173,24856,714
08415,REUTLINGEN,114666,59940,1423,1148,369,33,2105,11430,13571,49266,50812,47127,816
08416,TUEBINGEN,78214,43214,1285,896,260,30,1542,8655,10093,35119,34466,31768,641
08417,ZOLLERNALBKREIS,81337,43092,899,780,206,15,1402,7624,9322,34395,37245,34165,546
08421,"ULM,STADT",39967,25112,479,458,183,14,696,3546,4489,17282,17802,21235,326
08425,ALB-DONAU-KREIS,78257,45692,880,490,206,23,1390,7474,9502,37164,37375,30416,570
08426,BIBERACH,77868,49013,809,621,252,15,1400,7711,10391,38844,38667,29334,739
08435,BODENSEEKREIS,88249,45315,887,1131,352,32,2020,9917,11596,37692,36461,34861,1063
08436,RAVENSBURG,108250,65826,1138,835,408,37,2159,12178,15253,52108,49777,41303,1317
08437,SIGMARINGEN,51285,31888,649,707,119,13,962,5475,6906,24692,24963,20275,449
09161,"INGOLSTADT,STADT",59373,34035,715,2848,972,12,1254,5188,5226,18767,18642,43182,4035
09162,"MUENCHEN,STADT",437002,270546,3796,11110,3122,114,10541,38208,45620,151703,159998,300578,5805
09163,"ROSENHEIM,STADT",21508,12440,230,220,76,6,412,2009,2698,9369,9794,9543,178
09171,ALTOETTING,44179,24365,386,541,145,12,720,4007,5407,19953,21007,17324,383
09172,BERCHTESGADENER LAND,41200,22186,304,357,121,14,799,3471,4321,17292,19094,17742,419
09173,BAD TOELZ-WOLFRATSHAUSEN,47548,30128,514,607,184,16,1028,4628,5910,20801,23727,21130,552
09174,DACHAU,58574,31036,651,665,185,16,1124,5283,7107,25418,25803,24570,527
09175,EBERSBERG,51726,30171,490,697,258,15,953,4558,5910,21416,24718,23877,617
09176,EICHSTAETT,50166,31140,571,448,158,12,1163,5895,6113,22667,23840,21087,430
09177,ERDING,52880,33008,541,961,185,18,964,4928,6607,24536,26226,22843,399
09178,FREISING,63064,42108,791,795,383,19,1384,6531,8589,29334,31081,27914,853
09179,FUERSTENFELDBRUCK,79966,39762,802,948,251,19,1647,7498,9523,33921,34485,32172,701
09180,GARMISCH-PARTENKIRCHEN,32848,17817,343,366,82,13,740,3166,4103,13626,15327,13438,333
09181,LANDSBERG AM LECH,48028,30468,662,677,283,15,1118,4786,6234,21701,22854,21385,704
09182,MIESBACH,39329,24618,324,452,176,17,885,3446,4437,15468,19339,19603,499
09183,MUEHLDORF A.INN,45224,26379,439,647,139,6,874,4706,6068,21503,21063,17408,423
09184,MUENCHEN,146756,92996,1066,3284,1372,48,2639,10210,13616,47882,59425,102847,4957
09185,NEUBURG-SCHROBENHAUSEN,38989,24071,471,394,103,7,847,4819,5528,18876,17864,14819,348
09186,PFAFFENHOFEN A.D.ILM,48271,32487,688,488,196,10,1059,5540,6716,22802,23574,20856,518
09187,ROSENHEIM,104643,61168,1062,944,483,25,2145,9995,12876,46794,49118,43445,1340
09188,STARNBERG,53552,30989,471,772,378,15,1360,4545,5842,19957,24633,26866,788
09189,TRAUNSTEIN,71432,41040,715,638,319,13,1473,6702,8625,32399,33937,28425,712
09190,WEILHEIM-SCHONGAU,54014,31108,656,551,213,8,1299,5831,7394,24404,25166,20377,605
09261,"LANDSHUT,STADT",22914,13317,250,377,62,6,432,2037,2799,10224,10366,10411,180
09262,"PASSAU,STADT",17552,9951,110,280,57,9,334,1615,1920,6926,7767,8937,155
09263,"STRAUBING,STADT",17234,9445,155,155,32,5,281,1511,2081,7711,7414,7626,100
09271,DEGGENDORF,45994,29711,627,293,102,10,726,4368,5665,22025,23481,19530,325
09272,FREYUNG-GRAFENAU,30792,20477,256,178,50,6,618,3378,3726,14488,15503,13405,211
09273,KELHEIM,45783,31781,713,353,156,13,836,4634,5992,22497,23483,19914,577
09274,LANDSHUT,60979,43220,817,816,216,10,1180,6575,8888,30787,30999,25895,620
09275,PASSAU,80336,43647,586,540,180,39,1363,8268,9448,36773,36578,31194,591
09276,REGEN,29531,18935,267,213,132,6,492,2665,3221,13298,15656,13129,272
09277,ROTTAL-INN,49484,30627,503,419,147,19,927,5705,7014,24785,22192,19159,509
09278,STRAUBING-BOGEN,40608,25823,476,328,97,8,747,3879,5336,20097,20639,15574,300
09279,DINGOLFING-LANDAU,38570,27844,517,287,136,4,783,4219,5714,18896,18014,18600,424
09361,"AMBERG,STADT",16096,8205,126,253,67,7,256,1366,1737,6750,7187,7063,155
09362,"REGENSBURG,STADT",53519,33936,611,797,282,22,786,3907,4827,19117,22041,37020,553
09363,"WEIDEN I.D.OPF.,STADT",16684,8961,162,137,29,10,265,1507,1797,6875,7343,7822,87
09371,AMBERG-SULZBACH,43323,24879,437,333,128,14,749,4381,5065,20792,20925,16103,356
09372,CHAM,53573,32090,786,240,112,13,971,5449,6299,25697,26596,20525,427
09373,NEUMARKT I.D.OPF.,52796,33089,560,497,160,8,878,4585,5921,24142,26723,23360,529
09374,NEUSTADT A.D.WALDNAAB,40271,22925,405,271,87,11,663,3826,4274,18566,19693,16110,326
09375,REGENSBURG,76608,45360,1178,756,256,32,1185,6235,8199,34131,38859,33679,630
09376,SCHWANDORF,58784,37966,915,511,110,15,1000,5492,6715,27791,30112,25802,468
09377,TIRSCHENREUTH,31541,16304,239,143,50,9,494,2771,2863,13674,15324,12592,200
09461,"BAMBERG,STADT",25237,14304,369,296,137,12,634,3038,3299,10498,10624,11366,293
09462,"BAYREUTH,STADT",25221,13356,212,302,91,4,488,2296,2636,10045,10846,12243,221
09463,"COBURG,STADT",16088,8374,164,174,61,7,297,1422,1612,6162,6640,8220,144
09464,"HOF,STADT",17691,7003,137,145,45,4,233,1353,1594,5973,6836,8700,113
09471,BAMBERG,63100,35200,712,359,174,20,1220,7111,8262,29965,29243,22222,554
09472,BAYREUTH,45513,24031,441,311,97,12,808,4399,4754,20060,21630,17796,366
09473,COBURG,39724,17212,479,264,100,6,645,3854,4004,16434,16851,15031,307
09474,FORCHHEIM,49706,25895,489,468,195,15,965,5160,6098,22904,22554,17720,523
09475,HOF,42364,19646,462,230,66,15,697,3546,3495,14952,19269,19925,306
09476,KRONACH,29830,14610,244,169,47,19,495,2723,2868,12298,13699,12202,219
09477,KULMBACH,31834,16271,357,322,74,8,594,3157,3528,13351,14326,13093,261
09478,LICHTENFELS,29208,14290,271,98,66,13,526,3086,3280,13428,12640,10349,227
09479,WUNSIEDEL I.FICHTELGEB.,31818,14224,226,241,54,20,477,2587,2823,11480,14657,13809,217
09561,"ANSBACH,STADT",15688,8923,229,223,70,1,252,1656,2062,7208,6940,6634,119
09562,"ERLANGEN,STADT",35105,18733,369,507,138,7,752,3692,4280,14939,15400,14694,264
09563,"FUERTH,STADT",42108,19272,398,550,142,10,749,4094,4879,17576,17238,16918,307
09564,"NUERNBERG,STADT",156346,84245,1360,2272,575,39,3373,16185,19601,64835,64286,71930,1346
09565,"SCHWABACH,STADT",17474,7826,120,408,54,6,466,1656,2010,6974,6956,7098,249
09571,ANSBACH,75460,44984,1017,540,198,25,1628,9305,10838,37243,35314,25730,795
09572,ERLANGEN-HOECHSTADT,57102,31725,581,631,236,25,1161,5702,6736,24759,25744,24311,569
09573,FUERTH,52000,22556,408,456,161,14,977,4738,5627,21396,22025,19401,447
09574,NUERNBERGER LAND,71045,36065,602,756,258,16,1455,6805,7825,28979,31775,29806,711
09575,NEUSTADT/AISCH-WINDSHEIM,39310,25302,526,405,182,17,902,5175,6024,19881,18380,14179,472
09576,ROTH,53162,30555,465,596,161,16,1134,5626,6563,23741,24906,21430,530
09577,WEISSENBURG-GUNZENHAUSEN,37873,22223,470,304,126,12,922,4691,5453,18509,17493,12895,417
09661,"ASCHAFFENBURG,STADT",29157,14821,371,297,97,9,577,3051,3445,11241,10756,14863,230
09662,"SCHWEINFURT,STADT",17215,10299,273,297,67,5,368,2096,2479,8117,6991,7629,148
09663,"WUERZBURG,STADT",40367,22038,735,602,168,10,997,4518,5012,16882,16920,17901,489
09671,ASCHAFFENBURG,75449,38488,890,673,211,18,1523,8167,9414,32789,32334,29469,588
09672,BAD KISSINGEN,41751,26382,690,263,172,14,876,5090,6028,21639,20126,14341,462
09673,RHOEN-GRABFELD,30445,21882,549,269,325,15,623,3697,4689,16882,15818,10807,528
09674,HASSBERGE,32919,23287,687,179,106,15,669,4452,5064,17822,16548,11747,343
09675,KITZINGEN,37559,21811,551,447,139,13,860,5506,5767,18680,16130,12429,392
09676,MILTENBERG,52416,29555,695,715,101,11,1072,6384,7623,24819,23359,18962,342
09677,MAIN-SPESSART,52028,30672,889,540,141,14,1030,6292,7336,25078,23903,19206,426
09678,SCHWEINFURT,49155,26752,837,409,206,30,994,6042,7129,24761,22036,15083,500
09679,WUERZBURG,67342,35277,1213,665,271,19,1269,7375,8682,31035,29706,24630,698
09761,"AUGSBURG,STADT",89940,43038,1379,1528,212,24,1657,8114,10424,36657,35553,41300,641
09762,"KAUFBEUREN,STADT",16199,7904,197,194,47,2,253,1427,1854,6833,7073,6675,122
09763,"KEMPTEN(ALLGAEU),STADT",24199,13902,257,305,96,6,357,1990,2681,9957,10986,12129,250
09764,"MEMMINGEN,STADT",16089,9426,173,161,36,2,277,1425,1993,7335,7189,7235,109
09771,AICHACH-FRIEDBERG,54750,28840,714,638,167,9,1125,5430,6743,24212,24474,21480,463
09772,AUGSBURG,107761,51618,1241,1459,299,30,2071,9654,12122,44642,46299,44384,856
09773,DILLINGEN A.D.DONAU,40341,22269,483,480,66,15,768,4233,5561,19731,18625,13669,231
09774,GUENZBURG,50724,30631,532,385,125,13,917,4956,6511,24443,24559,19710,419
09775,NEU-ULM,71074,35483,750,508,165,20,1194,6610,7919,32394,30240,27728,440
09776,LINDAU (BODENSEE),33286,17567,324,249,141,10,710,3726,4330,14863,14560,12106,383
09777,OSTALLGAEU,56023,32172,733,552,211,15,1069,5543,7280,25544,26323,22190,671
09778,UNTERALLGAEU,60368,34805,658,501,174,22,1233,6529,7918,29507,28235,21277,530
09779,DONAU-RIES,55047,33376,632,636,161,9,1099,6706,8025,27050,25602,19922,475
09780,OBERALLGAEU,62322,35601,518,436,219,17,1201,5542,7467,26648,29997,26057,814
11000,BERLIN,875664,298450,15780,17819,2713,364,19558,96731,105703,344668,296668,325178,5267
12051,"BRANDENBURG/HAVEL,STADT",25183,8476,226,302,38,16,366,2586,2988,10560,9270,8064,142
12052,"COTTBUS, STADT",36044,11702,346,384,31,23,606,3705,4162,14868,13249,11281,146
12053,"FRANKFURT/ODER,STADT",21387,6138,337,215,24,18,312,1985,2332,8352,7797,7027,136
12054,"POTSDAM,STADT",52074,21221,822,660,162,35,871,4689,5576,21294,21286,20090,305
12060,BARNIM,74177,27399,1349,819,133,39,1378,8384,9383,31337,28626,23020,418
12061,DAHME-SPREEWALD,69419,29678,1416,1121,132,38,1503,8272,9143,30264,27735,23367,343
12062,ELBE-ELSTER,44034,18205,627,401,196,33,1234,6369,6394,20071,16317,11935,383
12063,HAVELLAND,64650,25488,1058,870,112,31,1230,7080,8227,28148,25104,20769,414
12064,MAERKISCH-ODERLAND,82295,30336,1471,920,89,47,1695,9460,10481,34758,30853,25203,654
12065,OBERHAVEL,85518,32040,1617,1105,147,32,1748,9477,10806,36422,32806,26162,560
12066,OBERSPREEWALD-LAUSITZ,45961,18529,563,431,35,33,1054,5429,5975,19818,17922,14261,202
12067,ODER-SPREE,75137,29082,1196,624,82,30,1395,8103,9470,31950,29517,24090,495
12068,OSTPRIGNITZ-RUPPIN,38432,18368,663,212,51,18,774,4785,5672,18837,15577,11057,293
12069,POTSDAM-MITTELMARK,84221,39622,1384,835,215,41,1701,8738,10423,36953,36082,30053,534
12070,PRIGNITZ,30471,14074,383,200,28,17,683,4052,4324,14769,12320,8264,182
12071,SPREE-NEISSE,51324,18252,540,328,61,25,1143,6315,6631,22697,18935,13430,387
12072,TELTOW-FLAEMING,68965,30135,1325,650,110,29,1569,8115,8632,30181,28019,22808,347
12073,UCKERMARK,49045,17843,613,466,53,23,876,5421,6407,22034,18373,13658,252
04011,"BREMEN, STADT",161560,75723,2737,2029,390,41,3702,17776,21204,69520,59516,64726,1232
04012,"BREMERHAVEN,STADT",34173,14676,609,505,56,15,449,3559,4599,15429,13229,12304,156
02000,HAMBURG,523298,254701,5914,8321,2233,151,11943,51010,58534,198844,189560,265049,5677
06411,"DARMSTADT,STADT",47120,23851,715,827,224,7,1146,5256,5818,19566,17624,21618,397
06412,"FRANKFURT AM MAIN,STADT",194532,134764,2424,3775,821,97,4458,19176,22059,76482,73035,132836,1663
06413,"OFFENBACH AM MAIN,STADT",36014,18688,537,609,106,20,910,4307,5139,15765,13205,15655,243
06414,"WIESBADEN,STADT",95120,47193,1199,1310,360,39,1943,9081,10889,38642,37092,44086,663
06431,BERGSTRASSE,115532,52292,1437,1309,323,32,2620,13397,14525,48821,45297,42912,779
06432,DARMSTADT-DIEBURG,126730,55177,1851,1915,320,26,2744,13410,15143,51883,50069,48814,906
06433,GROSS-GERAU,121892,49078,1542,1087,293,20,2082,10767,13036,45101,38077,62327,696
06434,HOCHTAUNUSKREIS,106518,56794,1024,1815,473,55,2190,8538,9863,36790,40625,64990,865
06435,MAIN-KINZIG-KREIS,168975,80253,2063,2473,346,50,3519,18015,20503,72811,70681,63850,1182
06436,MAIN-TAUNUS-KREIS,122686,62906,959,1806,317,26,1960,8603,9870,38591,41571,83882,711
06437,ODENWALDKREIS,40942,19456,657,558,97,5,890,4955,5722,17991,16777,14331,281
06438,OFFENBACH,143710,64580,1825,1970,285,42,3277,14505,16295,57648,55482,59355,795
06439,RHEINGAU-TAUNUS-KREIS,81315,36716,1041,917,265,32,1628,7569,9086,33052,34556,31674,665
06440,WETTERAUKREIS,125378,59570,1450,1565,371,28,2715,13029,14919,53379,52240,48518,920
06531,GIESSEN,98164,49854,1659,1228,250,33,1984,10725,12146,44200,41787,37609,512
06532,LAHN-DILL-KREIS,106024,52548,1385,777,213,46,2074,10933,12934,46665,44891,40115,758
06533,LIMBURG-WEILBURG,70951,36990,1133,750,160,29,1334,7347,8602,31588,31375,27868,504
06534,MARBURG-BIEDENKOPF,94440,43759,1307,748,247,22,1617,9368,10665,41197,40559,34614,716
06535,VOGELSBERGKREIS,45826,23929,634,422,74,21,888,5368,6193,21306,20087,15800,285
06611,"KASSEL,STADT",58788,28694,1008,673,168,12,1161,6311,7200,24514,22755,25706,430
06631,FULDA,89562,48119,1153,718,174,36,1693,9716,11408,40993,39910,33845,650
06632,HERSFELD-ROTENBURG,50600,25913,821,228,114,19,941,6103,6513,23978,22239,16698,379
06633,"KASSEL, LAND",101122,43365,1667,748,237,28,1717,10444,10852,40646,41006,40052,654
06634,SCHWALM-EDER-KREIS,77122,37508,1578,508,190,31,1358,8729,9430,34541,32385,28696,566
06635,WALDECK-FRANKENBERG,66731,34530,1273,396,131,20,1442,7320,8246,30241,29374,24351,622
06636,WERRA-MEISSNER-KREIS,40690,20347,739,214,59,13,842,5185,5501,18782,17276,13573,295
13003,"ROSTOCK, STADT",59556,23424,765,594,84,36,655,4694,6295,25018,24807,22132,259
13004,"SCHWERIN, STADT",29948,12891,413,329,54,25,373,2482,3402,13032,12745,11270,155
13071,MECKLENBURGISCHE SEENPLA.,95181,46126,1058,800,81,42,1451,10044,13287,45352,40752,30512,621
13072,ROSTOCK,79025,43169,972,672,94,53,1176,7689,10333,37258,36944,28980,586
13073,VORPOMMERN-RUEGEN,80974,38575,877,726,98,32,1111,7546,10094,36816,35981,28133,459
13074,NORDWESTMECKLENBURG,58180,29387,955,360,70,19,866,5683,7570,27297,26559,19643,427
13075,VORPOMMERN-GREIFSWALD,86065,36635,921,745,73,42,1431,8772,11139,39595,35676,26435,459
13076,LUDWIGSLUST-PARCHIM,80475,44292,1380,479,72,58,1358,8754,11934,41119,36946,24652,670
03101,"BRAUNSCHWEIG,STADT",88319,53084,1471,1493,352,22,1708,8527,8211,33058,34896,53902,2500
03102,"SALZGITTER,STADT",36780,17039,848,233,46,5,730,4384,4778,17002,15028,12259,205
03103,"WOLFSBURG,STADT",86245,48934,704,1283,683,13,1071,3912,3087,14453,17026,95865,1366
03151,GIFHORN,65833,37908,1117,565,118,8,1362,7976,7403,28517,31185,27345,406
03153,GOSLAR,53134,25120,848,375,76,15,979,5532,6090,22612,22935,20223,367
03154,HELMSTEDT,35591,18401,650,225,80,5,865,4363,3882,14343,15857,14708,269
03155,NORTHEIM,58462,26903,922,250,93,24,1312,7065,7198,25549,23236,20470,541
03157,PEINE,55926,24972,1231,344,108,13,1070,7176,6977,25622,22762,17654,361
03158,WOLFENBUETTEL,49895,22510,936,313,100,17,975,5558,5596,21024,21608,17714,405
03159,GÃ–TTINGEN,121965,56679,1877,1031,248,29,2874,14371,14781,52731,49243,43734,1178
03241,HANNOVER,391434,175161,6920,4034,961,128,8551,44557,46039,165549,150898,153018,2819
03251,DIEPHOLZ,89979,45477,1649,766,215,30,1677,10324,12161,42555,38610,30465,625
03252,HAMELN-PYRMONT,63214,25969,1035,487,125,17,1520,8025,8196,27412,23560,19173,659
03254,HILDESHEIM,110028,46302,1638,839,213,25,2070,12077,12653,47694,44404,37582,644
03255,HOLZMINDEN,30657,13014,581,130,37,9,839,3862,3834,13002,11414,10178,414
03256,NIENBURG(WESER),48566,25677,1093,573,177,17,1049,6999,7307,24238,20613,14498,444
03257,SCHAUMBURG,68606,28931,1300,562,139,20,1568,8959,9031,30267,26570,21041,425
03351,CELLE,69656,36470,1207,444,129,25,1403,9034,9606,31877,29994,24291,534
03352,CUXHAVEN,78598,42547,1903,671,131,24,1361,9569,11462,38231,34771,26384,552
03353,HARBURG,103791,56088,1646,1443,249,35,2151,10949,12949,44669,47009,41631,946
03354,LUECHOW-DANNENBERG,18226,11220,725,116,38,4,534,3326,3513,9600,7639,5186,204
03355,LUENEBURG,65598,35704,988,636,181,10,1322,7583,8784,29124,28550,25872,655
03356,OSTERHOLZ,47447,22361,1062,273,122,13,887,5521,6369,22208,19737,15455,294
03357,ROTENBURG(WUEMME),63690,44646,1328,545,145,19,1220,8969,9697,33070,30478,25321,476
03358,HEIDEKREIS,53526,31511,1157,301,89,14,1218,7411,8135,26365,23785,17395,489
03359,STADE,79381,41379,1152,765,173,22,1374,8771,10216,36163,35212,29155,546
03360,UELZEN,36615,18454,523,265,61,8,722,4655,4860,16771,15142,12930,243
03361,VERDEN,55442,28567,978,354,101,16,1020,5928,6839,25756,24486,19958,342
03401,"DELMENHORST,STADT",29274,11633,590,345,35,9,437,3195,3924,13215,10806,9522,152
03402,"EMDEN,STADT",16483,7401,370,75,24,7,234,1730,1926,7248,6608,6313,98
03403,"OLDENBURG(OLDENB),STADT",54814,30400,1513,886,171,17,1179,6277,6932,24359,23778,23193,492
03404,"OSNABRUECK,STADT",54297,27275,1025,906,191,10,1114,6086,6608,23445,21139,23756,402
03405,"WILHELMSHAVEN,STADT",28341,10689,639,198,19,10,427,3134,3858,12088,10657,9255,102
03451,AMMERLAND,48457,28488,1211,309,93,23,889,5785,6843,23001,22557,17981,315
03452,AURICH,73119,38790,2430,477,166,13,1348,9391,10319,35795,31653,24756,568
03453,CLOPPENBURG,49920,46559,1489,257,83,14,965,7119,9448,31226,29167,18518,321
03454,EMSLAND,104581,88082,3215,698,181,14,1649,11605,15953,58839,61222,44927,752
03455,FRIESLAND,41365,21653,1298,281,84,24,806,5359,6095,19469,17978,13873,328
03456,GRAFSCHAFT BENTHEIM,41846,38018,2258,383,83,11,781,4883,7215,24468,25447,18815,266
03457,LEER,61966,36593,2184,340,91,17,1095,8441,10260,32471,27898,19555,400
03458,OLDENBURG(OLDENBURG),50270,29901,1409,385,127,18,928,5982,7080,24679,23472,18508,320
03459,OSNABRUECK,144097,78202,2735,1146,255,31,2766,17512,19154,70710,62776,50056,956
03460,VECHTA,46877,37361,946,424,91,16,950,5782,7195,26113,25578,18838,280
03461,WESERMARSCH,32994,18510,1051,180,54,18,623,4185,5249,16406,14558,10961,248
03462,WITTMUND,22373,12191,742,138,20,6,498,3110,3390,11226,9696,6874,195
05111,"DUESSELDORF, STADT",189583,113441,3486,3473,567,64,5010,19287,21823,72259,70955,113360,1501
05112,"DUISBURG,STADT",164453,58316,5275,1383,147,36,2942,17929,22894,72974,55019,53654,622
05113,"ESSEN,STADT",206637,73859,4690,2277,373,47,3689,20149,23304,80740,71438,84056,762
05114,"KREFELD,STADT",82017,33016,2407,791,121,20,1642,8642,10220,35118,29349,31178,405
05116,"MOENCHENGLADBACH,STADT",95203,38244,2791,893,167,32,1974,10305,12529,40795,34522,34579,570
05117,"MUELHEIM A.D.RUHR,STADT",67862,22980,1315,683,156,9,1382,6816,7624,26374,23969,25065,296
05119,"OBERHAUSEN,STADT",82528,24916,2108,609,79,13,1509,8276,9805,33761,27760,27483,358
05120,"REMSCHEID,STADT",43693,16403,730,444,61,14,699,3803,4471,16926,16369,17969,178
05122,"SOLINGEN,STADT",66813,23568,1238,783,172,13,1305,6971,7509,26307,22489,26087,356
05124,"WUPPERTAL,STADT",121020,46458,2445,1407,330,46,2202,12092,13960,49275,43512,47399,689
05154,KLEVE,112021,70643,6590,1000,184,32,2369,14025,18905,57919,52450,41442,953
05158,METTMANN,201143,85785,3727,2793,439,38,3703,19349,22045,80959,77349,85596,965
05162,NEUSS,184844,79880,3960,2153,376,57,4209,16797,20425,74225,70825,75970,1668
05166,VIERSEN,124141,56148,5049,887,229,36,2536,13684,16305,55381,49809,44543,852
05170,WESEL,192891,80768,7251,1622,279,40,3392,19961,24555,85260,76170,69425,1004
05314,"BONN,STADT",102319,69165,1579,1676,226,25,3066,11075,12371,42409,41054,60459,1085
05315,"KOELN,STADT",318983,151837,5461,5611,820,135,7207,31036,38374,129336,110928,154960,2230
05316,"LEVERKUSEN,STADT",62362,25049,1187,883,112,12,1217,6095,7238,25635,22108,25895,308
05334,"AACHEN, STAEDTEREGION",193536,87987,6037,2073,551,46,3716,19195,23705,80944,77315,79916,1067
05358,DUEREN,107076,49038,2659,897,186,49,2223,11278,13902,46813,43190,39623,602
05362,RHEIN-ERFT-KREIS,191706,79385,3458,1951,294,91,3776,18091,23418,79652,73349,74187,1157
05366,EUSKIRCHEN,82802,42570,2035,774,159,28,1524,8576,11086,36568,33928,34345,510
05370,HEINSBERG,98380,53218,5146,925,189,24,1965,11448,14592,46617,42767,37978,770
05374,OBERBERGISCHER KREIS,116148,56061,2105,1018,214,41,2206,11528,14482,52318,48328,43433,908
05378,RHEIN.-BERGISCHER KREIS,124425,50057,2193,1603,298,25,2664,12125,13972,49506,47625,48564,815
05382,RHEIN-SIEG-KREIS,245503,108360,5127,2893,502,71,4955,25567,30926,106650,98162,90124,1607
05512,"BOTTROP,STADT",50932,14911,1325,394,61,9,959,4832,5655,19809,17158,16710,245
05513,"GELSENKIRCHEN,STADT",90135,28093,2452,781,114,8,1995,9907,11478,37244,28717,29015,678
05515,"MUENSTER,STADT",91196,51171,1903,1066,314,31,2134,10173,11518,39429,38137,41263,681
05554,BORKEN,127247,87081,5600,835,261,29,2149,13541,18689,66516,64717,51535,930
05558,COESFELD,85245,49147,2325,1014,184,15,1543,9310,12033,41200,40023,31464,555
05562,RECKLINGHAUSEN,254936,86272,6096,2385,299,61,4371,25825,29698,105916,93659,85011,1065
05566,STEINFURT,166408,96720,4008,1380,347,29,2838,18270,23317,83575,76224,59974,1223
05570,WARENDORF,110300,55795,2327,826,206,16,2316,12816,14866,52498,46304,37413,808
05711,"BIELEFELD,STADT",110894,54152,2056,1271,706,29,2112,12410,13937,48827,42937,45469,1064
05754,GUETERSLOH,146951,74574,2481,1001,372,37,2966,17317,19165,68238,60311,53116,978
05758,HERFORD,110100,47256,1951,833,216,30,2081,11950,13522,47284,42848,40293,719
05762,HOEXTER,56859,29583,1246,304,119,14,995,6400,7192,26774,25225,19973,355
05766,LIPPE,142532,66983,3027,964,320,55,2890,18140,19259,63541,57195,49034,1145
05770,MINDEN-LUEBBECKE,134373,61137,2503,1076,273,32,2885,16580,17936,61243,51377,45238,1152
05774,PADERBORN,113030,62155,2710,1127,346,21,1856,12210,14672,53963,50320,43404,701
05911,"BOCHUM,STADT",146460,46020,2710,1569,333,22,2502,13557,14933,54550,46875,61623,725
05913,"DORTMUND,STADT",201981,78188,3808,2063,383,38,3868,20706,24218,84234,72150,76026,1191
05914,"HAGEN,STADT",70144,25376,1079,683,130,18,1477,7363,8338,29446,24681,24347,402
05915,"HAMM,STADT",66762,27340,1182,515,119,12,1166,7567,8932,29574,24653,21960,398
05916,"HERNE,STADT",57695,16983,1433,436,63,17,1199,6159,7147,23993,18445,17960,253
05954,ENNEPE-RUHR-KREIS,141229,50669,2644,1251,293,31,2597,14435,15759,56367,52341,51163,648
05958,HOCHSAUERLANDKREIS,104988,56899,1617,718,178,24,1717,10002,11925,44428,48585,45508,662
05962,MAERKISCHER KREIS,173310,72492,2786,1685,240,41,2941,16386,20133,71939,68885,66263,1048
05966,OLPE,57517,29682,647,434,98,17,954,4658,5854,25109,26769,23677,385
05970,SIEGEN-WITTGENSTEIN,118372,53117,1159,1146,202,19,1833,9511,11413,47082,50596,50582,812
05974,SOEST,122768,60770,2391,957,322,27,2436,14328,15677,55352,51746,44675,917
05978,UNNA,166685,64841,3169,1497,289,52,3086,16614,19335,68643,62813,62506,850
07111,"KOBLENZ,STADT",39482,21710,479,417,76,7,682,3578,4403,17017,16376,19186,234
07131,AHRWEILER,55775,26640,1088,470,83,12,1236,6252,7383,26288,23210,18130,425
07132,ALTENKIRCHEN(WESTWLD.),55296,25858,815,445,83,21,966,5686,6943,24124,23305,20360,326
07133,BAD KREUZNACH,65749,31028,948,540,131,14,1407,7646,8639,29507,26815,22602,487
07134,BIRKENFELD,35178,15771,308,334,40,17,691,3843,4403,15344,14658,11983,203
07135,COCHEM-ZELL,24222,15938,450,123,35,6,487,2628,3523,12170,12360,9009,158
07137,MAYEN-KOBLENZ,91265,43361,1151,692,156,21,1716,8699,10921,40625,39535,32669,640
07138,NEUWIED,77028,38242,1549,643,133,25,1526,8156,10645,35637,32110,27416,610
07140,RHEIN-HUNSRUECK-KREIS,40797,27164,588,380,75,10,733,4051,5326,20126,21581,16147,318
07141,RHEIN-LAHN-KREIS,53282,24485,874,347,85,17,1072,5869,6671,23535,22282,18269,406
07143,WESTERWALDKREIS,85404,46775,1222,618,167,21,1324,7827,9743,36795,40348,36078,576
07211,TRIER-SAARBURG,91974,55930,538,975,204,20,1721,9139,12139,42462,45054,36634,697
07231,BERNKASTEL-WITTLICH,44268,28523,368,369,89,7,875,4865,6319,21486,22149,16787,332
07232,EIFELKREIS BITBURG-PRUEM,34989,29104,293,446,80,13,773,4417,5565,18783,19667,14720,324
07233,VULKANEIFEL,23629,16321,322,192,34,8,468,2698,3338,11657,12254,9423,212
07311,"FRANKENTHAL(PFALZ),STADT",18250,7900,227,247,33,4,451,2250,2609,7805,6775,6325,123
07312,"KAISERSLAUTERN,STADT",33957,13973,414,495,90,10,708,4033,4397,13630,12042,13291,277
07313,"LANDAU I.D.PFALZ,STADT",18669,8095,215,213,44,4,504,2385,2410,7475,6774,7121,172
07314,"LUDWIGSHAFEN A.RH.,STADT",56629,24016,613,663,281,14,1317,6643,7888,24218,19480,21227,526
07315,"MAINZ,STADT",65795,31767,763,834,225,17,1549,6951,7751,26826,25105,29095,477
07316,"NEUSTADT A.D.WSTR.,STADT",22067,9961,231,157,57,3,555,2707,3055,9249,8398,7803,166
07317,"PIRMASENS,STADT",15895,6490,151,184,25,1,338,1836,2044,6505,5903,5747,105
07318,"SPEYER,STADT",19638,8907,285,181,48,1,415,2274,2681,8218,7619,7338,140
07319,"WORMS,STADT",31443,13005,360,481,72,8,684,3785,4395,13789,11536,10549,195
07320,"ZWEIBRUECKEN,STADT",14188,6278,124,215,25,6,315,1561,1975,6116,5710,4862,90
07331,ALZEY-WORMS,54328,28250,706,427,121,17,1161,6453,7548,24463,23224,19618,408
07332,BAD DUERKHEIM,60498,27539,807,465,151,15,1521,7239,7888,24420,24809,21873,482
07333,DONNERSBERGKREIS,31504,16966,473,245,54,9,686,3825,4480,14511,14010,10995,244
07334,GERMERSHEIM,53655,26900,601,595,92,18,1241,6363,7816,23736,21492,19864,366
07335,KAISERSLAUTERN,45934,20696,498,476,83,12,972,5335,6361,20048,18487,15563,303
07336,KUSEL,31764,14661,309,295,33,12,686,3947,4501,14714,12977,9631,198
07337,SUEDLICHE WEINSTRASSE,50573,24053,539,425,107,18,1425,7162,7320,22095,19856,16388,449
07338,RHEIN-PFALZ-KREIS,71033,28053,828,646,132,19,1892,8198,8740,28595,28108,23437,507
07339,MAINZ-BINGEN,89695,46838,1237,888,287,17,1899,9599,11772,38098,38975,35870,714
07340,SUEDWESTPFALZ,44162,21326,476,401,51,27,1003,5184,5996,19668,18792,14784,303
10041,"SAARBRUECKEN,STADTVERB.",129559,57828,876,1786,244,27,2812,13962,18635,53894,49486,48004,1074
10042,MERZIG-WADERN,43687,25676,286,500,66,5,835,4438,6278,20365,20463,16701,256
10043,NEUNKIRCHEN,59720,24379,495,776,87,27,1049,6051,7882,24631,23857,20792,262
10044,SAARLOUIS,90819,39629,522,837,122,42,1900,8594,12073,39163,36171,31711,699
10045,SAAR-PFALZ-KREIS,65661,29958,571,736,133,33,1293,6714,9028,27404,27055,24097,493
10046,SANKT WENDEL,40686,19589,393,360,49,12,691,3946,4985,17695,18118,14743,175
14511,"CHEMNITZ, STADT",89814,33473,887,938,151,65,1031,6612,8924,35125,36410,35677,679
14521,ERZGEBIRGSKREIS,146099,53804,1197,824,124,73,1930,11245,14872,60096,61069,50295,1157
14522,MITTELSACHSEN,126158,50323,1606,829,119,79,1916,11518,14569,56526,52197,39932,1141
14523,VOGTLANDKREIS,98687,36375,842,690,98,42,1457,8032,9942,40204,39769,34972,1003
14524,ZWICKAU,135387,47022,1337,974,191,82,1622,10260,13195,54533,54952,47615,767
14612,"DRESDEN, STADT",157286,63942,1916,2604,431,99,2379,14018,17201,64427,62118,62641,989
14625,BAUTZEN,128625,48349,1503,1002,145,93,2181,13548,15989,57270,49052,38882,1255
14626,GOERLITZ,107804,33226,1094,615,97,75,1824,12350,13250,47468,37294,28590,974
14627,MEISSEN,96180,38299,1053,991,116,69,1960,11008,11981,42318,36708,30566,719
14628,SAECHS.SCHWEIZ-OSTERZGEB.,101480,37652,1080,1042,129,69,1781,10241,12285,44045,39407,31499,957
14713,"LEIPZIG, STADT",164475,57378,2337,2408,608,108,2499,14624,18133,65991,61080,61578,996
14729,LEIPZIG,106224,43019,1536,814,148,69,1843,10236,12458,46337,42549,35913,847
14730,NORDSACHSEN,80541,32386,942,502,73,36,1637,8129,9418,35315,31655,26136,497
15001,"DESSAU-ROSSLAU,STADT",31228,10123,391,334,28,27,452,2766,3413,12251,12181,10626,148
15002,"HALLE (SAALE),STADT",70161,21866,864,891,79,54,993,5550,7116,27330,26766,25124,254
15003,"MAGDEBURG, STADT",80473,28767,863,744,181,48,1177,6549,8348,32108,31516,28836,685
15081,ALTMARKKREIS SALZWEDEL,31981,17821,447,208,39,20,669,4152,4444,15730,14576,10026,304
15082,ANHALT-BITTERFELD,67884,23557,546,422,51,43,1143,6312,7479,27964,26609,21916,285
15083,BOERDE,71311,32434,891,329,73,30,1105,6888,8233,32305,31427,23681,354
15084,BURGENLANDKREIS,73622,26565,975,507,69,61,1151,6554,8297,31142,29453,23926,373
15085,HARZ,84144,36560,1167,570,74,60,1240,7693,9587,36355,36197,29789,409
15086,JERICHOWER LAND,37177,16425,368,285,28,27,837,3912,4821,16480,15305,11651,373
15087,MANSFELD-SUEDHARZ,56375,22499,443,413,43,34,1026,5092,6111,23164,23230,20153,335
15088,SAALEKREIS,80909,30686,973,771,69,53,1185,6904,8716,32588,33326,29367,482
15089,SALZLANDKREIS,76090,27397,945,574,43,70,1202,7175,8658,32058,30440,24502,298
15090,STENDAL,41547,20991,499,306,38,16,885,5239,5988,20064,17583,12528,436
15091,WITTENBERG,54653,19383,594,497,45,35,1069,5858,6794,22642,20950,16811,406
01001,"FLENSBURG,STADT",26840,16221,316,337,94,14,470,2865,3690,12721,11865,11470,250
01002,"KIEL,STADT",72467,35749,783,915,223,19,1510,8473,9730,32163,28602,27791,803
01003,"LUEBECK,STADT",66814,29929,927,599,197,14,1488,7737,8707,29593,25377,23893,631
01004,"NEUMUENSTER,STADT",27328,13860,411,290,56,5,488,3412,4108,12879,10588,9899,168
01051,DITHMARSCHEN,48708,30848,592,377,148,18,1011,7059,8354,24982,21890,16146,429
01053,HERZOGTUM LAUENBURG,74940,38997,1243,577,183,15,1696,8712,9942,34274,32795,26443,779
01054,NORDFRIESLAND,60768,39233,801,528,408,28,1405,8751,10261,29850,27397,21718,713
01055,OSTHOLSTEIN,83161,39525,1054,464,166,17,1963,9802,10904,36696,34855,27949,829
01056,PINNEBERG,119602,52293,1348,1290,296,27,2207,12154,14613,49666,48439,44724,696
01057,PLOEN,51264,26801,555,416,133,15,1043,6525,7402,23810,22068,16964,431
01058,RENDSBURG-ECKERNFOERDE,103384,64742,1398,969,297,17,2146,13166,16086,50639,48166,37502,960
01059,SCHLESWIG-FLENSBURG,71695,52170,1108,496,239,25,1563,10676,13206,38423,34439,25136,688
01060,SEGEBERG,106735,55416,1444,1113,294,30,2008,11614,14453,47755,45963,40463,909
01061,STEINBURG,51016,28203,732,364,85,13,1051,6437,7741,24134,22019,17622,518
01062,STORMARN,98073,49378,1223,1072,271,36,2209,10142,11649,41491,41111,40292,1046
16051,"ERFURT, STADT",66551,28654,779,726,159,32,930,5402,6747,26791,27332,28512,301
16052,"GERA, STADT",32863,12189,368,301,26,13,418,2547,3340,12900,13334,12573,136
16053,"JENA, STADT",30319,13796,337,461,79,20,620,2468,3138,11961,12675,13442,307
16054,"SUHL, STADT",13866,6174,141,223,11,9,151,793,1126,4831,6646,6633,43
16055,"WEIMAR, STADT",19887,8662,216,260,38,11,319,1613,2059,7938,8251,8466,169
16056,"EISENACH, STADT",15448,5876,169,160,23,10,206,1104,1450,5722,6147,6654,156
16061,EICHSFELD,38640,20380,628,193,41,14,601,3216,4234,18095,18493,14144,409
16062,NORDHAUSEN,33230,13279,378,166,60,11,460,3045,3751,14581,13802,10874,235
16063,WARTBURGKREIS,50034,22486,629,314,57,22,693,4047,5450,21566,22720,18078,568
16064,UNSTRUT-HAINICH-KREIS,38749,17014,487,310,48,10,534,3383,4371,17466,16619,13439,178
16065,KYFFHAEUSERKREIS,31272,12644,305,125,20,19,565,3231,3510,13459,12863,9923,128
16066,SCHMALKALDEN-MEININGEN,50153,24928,508,354,73,29,729,4127,5585,21353,23255,19803,531
16067,GOTHA,52567,22120,564,351,101,34,689,4216,5389,21929,22798,19593,347
16068,SOEMMERDA,27466,12253,311,128,23,13,418,2409,3060,12187,12248,9342,194
16069,HILDBURGHAUSEN,25356,13476,260,150,15,18,324,2029,2602,11423,12480,9902,138
16070,ILM-KREIS,39409,18133,465,290,158,19,615,3387,4046,16344,17673,15372,344
16071,WEIMARER-LAND,32618,14751,369,251,45,11,524,2780,3561,13479,14122,12461,204
16072,SONNEBERG,24938,9386,251,154,29,14,271,1697,2112,9249,10939,10128,123
16073,SAALFELD-RUDOLSTADT,41610,17795,434,308,39,18,584,3538,4241,17175,18061,15732,217
16074,SAALE-HOLZLANDKREIS,33522,14962,449,333,35,19,480,2871,3776,14456,14418,12557,185
16075,SAALE-ORLA-KREIS,33773,15944,393,143,32,19,494,2878,3821,14956,15297,12053,176
16076,GREIZ,41612,17927,482,315,35,19,595,3528,4439,17796,17674,15301,297
16077,ALTENBURGER LAND,38057,12601,433,177,42,20,591,3270,4003,15851,14361,12599,261
